WKT,Type_id,Type_road,SHAPE_Leng,Name
"LINESTRING (423345.623100000433624 2932956.0842,423347.134700000286102 2932953.061,423352.803100000135601 2932951.549399999902,423362.628299999982 2932951.9273,423415.155600000172853 2932950.0379,423574.249099999666214 2932951.17159999907,423631.716099999845028 2932951.581,423775.664800000376999 2932952.606799999252,423782.923899999819696 2932952.6585,423793.805599999614 2932948.5263,423802.497100000269711 2932934.9221,423801.363400000147521 2932851.78539999947,423800.894100000150502 2932817.367,423799.796900000423193 2932736.9086,423801.741299999878 2932621.6478,423804.661899999715388 2932448.5247,423717.4709 2932448.5723,423469.194500000216067 2932448.5723,423347.512500000186265 2932445.92699999921,423346.272699999623001 2932445.9001,423344.740899999625981 2932516.3617,423344.837799999862909 2932642.1575,423344.949500000104308 2932787.381599999964,423345.0515 2932919.874299999326,423345.623100000433624 2932956.0842,423344.518899999558926 2933168.575799999759,423343.084099999628961 2933196.953299999237,423344.040599999949 2933201.5766,423345.491299999878 2933208.58799999952,423344.837799999862909 2933237.4471,423343.881199999712408 2933279.6884,423343.660199999809265 2933289.4494,423231.168399999849498 2933289.1005,423231.126299999654293 2933302.651399999857,423225.057699999772012 2933302.6326)",1,Metal,   2388.06525926000,
"LINESTRING (423804.661899999715388 2932448.5247,423858.404099999927 2932448.3716,423907.397199999541044 2932461.2617,424069.254099999554455 2932464.23699999973,424220.399899999611 2932461.2617,424372.735899999738 2932462.451799999923,424407.249499999918 2932467.80739999935,424498.889000000432134 2932464.8321,424964.300612636317965 2932463.657124532386661)",1,Metal,   1162.77881632000,
"LINESTRING (422992.563799999654293 2932241.202899999917,423172.893799999728799 2932108.3475,423232.949099999852479 2932064.1027,423345.010800000280142 2931984.040599999949,423345.979199999943 2931876.05729999952,423346.847299999557436 2931796.243699999526,423459.533800000324845 2931796.243699999526,423480.535000000149012 2931796.1675,423616.179700000211596 2931795.6751,423797.288499999791384 2931792.8453,423797.422531856864225 2931792.844252490438521,423798.911634997639339 2931792.974532133899629,423800.355492493021302 2931793.361412583850324,423801.710233463614713 2931793.993138673249632,423802.934694790514186 2931794.850515724625438,423803.523299999535084 2931795.3932,423804.360238810069859 2931796.379220922011882,423805.307199999690056 2931798.0477,423805.578224627301097 2931798.769630007445812,423805.825899999588728 2931799.7105,423805.997899999842048 2931801.4196,423805.982300000265241 2931928.828199999407,423805.973000000230968 2932005.0435,423805.326500000432134 2932110.324799999595,423804.693199999630451 2932178.9813,423804.661899999715388 2932448.5247)",1,Metal,   1735.28727794000,
"LINESTRING (423542.56900000013411 2932448.5723,423545.474399999715388 2932179.706499999389,423549.832399999722838 2932173.8957,423550.800900000147521 2932154.526499999687,423550.596800000406802 2931997.9889,423550.596800000406802 2931997.969499999657,423550.697264942864422 2931996.24464322347194,423551.49285116023384 2931992.887801019009203,423553.041133336024359 2931989.80491773923859,423555.059299999848008 2931987.3538,423565.3278 2931977.2982,423596.3185 2931948.7287,423599.982200000435114 2931945.17799999937,423602.350899999961 2931942.419399999082,423602.464231119840406 2931942.258280599955469,423604.416920371470042 2931938.740208613220602,423605.621455274871551 2931934.901078309863806,423605.856599999591708 2931933.5073,423606.027200000360608 2931931.12529999949,423606.367399999872 2931901.3604,423606.971599999815226 2931848.493,423609.498700000345707 2931832.6837,423613.242399999872 2931809.2628,423616.179700000211596 2931795.6751)",1,Metal,    677.51487159900,
"LINESTRING (423806.385800000280142 2932005.0435,423857.846300000324845 2932004.5491,423910.911100000143051 2932004.5107,423964.364699999801815 2932004.5491,424018.363599999807775 2932004.5491,424118.398099999875 2932004.5491,424120.428178885194939 2932004.655487631913275,424124.39945216011256 2932005.499607824720442,424125.244 2932005.7957,424128.107951830374077 2932007.150771788321435,424128.41330000013113 2932007.3308,424131.392983725410886 2932009.537433851510286,424134.109649895748589 2932012.554597299080342,424136.139646838419139 2932016.070655142888427,424137.394253946084064 2932019.931938783731312,424137.818638867756817 2932023.969691597856581,424137.806599999777973 2932024.6534,424134.744800000451505 2932111.560599999502,424212.907599999569356 2932112.5469,424219.318400000222027 2932115.505799999461,424222.770399999804795 2932120.930299999192,424223.263500000350177 2932128.0808,424222.525100000202656 2932461.2783)",1,Metal,    862.19066355000,
"LINESTRING (423805.739299999549985 2932110.324799999595,424134.744800000451505 2932111.560599999502)",1,Metal,    329.00782092900,
"LINESTRING (424003.590499999933 2932463.03,424004.846900000236928 2932223.643899999559,424004.889700000174344 2932215.493799999356,424016.2006 2932202.1531,424223.10120000038296 2932201.3396)",1,Metal,    471.93211272400,
"LINESTRING (424004.490600000135601 2932291.5329,424222.901700000278652 2932291.3603)",1,Metal,    218.41116819900,
"LINESTRING (424004.014600000344217 2932382.2211,424222.7012 2932381.834899999201)",1,Metal,    218.68694101400,
"LINESTRING (424021.888399999588728 2932202.13069999963,424021.409099999815226 2932111.354199999943)",1,Metal,     90.77776534310,
"LINESTRING (424223.177500000223517 2932166.898,424362.349700000137091 2932165.4063,424415.541199999861419 2932164.8362,424486.543899999931 2932166.0336,424488.830347643292043 2932166.25307619664818,424491.285721299354918 2932166.91099158488214,424493.589546504139435 2932167.985282920766622,424495.671822694595903 2932169.443308406043798,424497.469280962366611 2932171.240766673814505,424498.927306447585579 2932173.323042864445597,424500.001597783586476 2932175.626868069171906,424500.5773 2932177.653599999845,424500.874699999578297 2932183.454099999741,424500.242999999783933 2932464.840199999511)",1,Metal,    570.26187421600,
"LINESTRING (424360.854799999855459 2932165.422299999744,424360.662200000137091 2932203.3388,424360.801799999549985 2932302.6171,424360.854399999603629 2932340.0248,424360.910000000149012 2932379.6028,424500.433799999766052 2932379.8572)",1,Metal,    353.70519527400,
"LINESTRING (424500.7445 2932180.9152,424561.36600000038743 2932181.674499999732,424563.203536607965361 2932181.846843842882663,424565.123456370376516 2932182.36128479288891,424566.924876504053827 2932183.20130079658702,424568.553061769867782 2932184.341368393506855,424569.958540582389105 2932185.746847205795348,424571.098608179134317 2932187.375032471492887,424571.93862418300705 2932189.176452605519444,424572.453065132896882 2932191.096372367814183,424572.626299999654293 2932193.0763,424572.625099999830127 2932193.207399999723,424572.668499999679625 2932222.4559,424572.777499999850988 2932295.903599999845,424572.867399999872 2932356.5084,424500.485999999567866 2932356.6027)",1,Metal,    314.20884520500,
"LINESTRING (423805.307199999690056 2931798.0477,423871.62540000025183 2931797.8856,423898.724399999715388 2931798.383799999952,423901.653945000900421 2931800.07510483590886,423905.654288084071595 2931803.188696835655719,423907.205099999905 2931804.721599999815,423907.22098552249372 2931804.738487698603421,423909.239128828630783 2931807.516223658341914,423910.503073609317653 2931810.708583765663207,423910.84499999974 2931812.5613,423910.903099999763072 2931813.2038,423912.088999999687076 2931830.9921,423910.911100000143051 2932004.5107)",1,Metal,    304.85172611300,
"LINESTRING (424018.363599999807775 2932004.5491,424020.585699999704957 2931865.6665)",1,Metal,    138.90037549000,
"LINESTRING (423343.881199999712408 2933279.6884,423582.985799999908 2933288.6519,423586.478500000201166 2933288.7828,423787.449400000274181 2933293.863099999726,424045.664200000464916 2933303.9592,424046.333530914329458 2933303.972282099537551,424049.308006690989714 2933303.712049189023674,424052.192104526329786 2933302.939257503021508,424054.89819256705232 2933301.677387926261872,424057.344047697435599 2933299.964781726710498,424059.455353846889921 2933297.853475577197969,424061.167960046499502 2933295.407620446756482,424062.429829623550177 2933292.701532405801117,424063.202621309435926 2933289.817434570752084,424063.456600000150502 2933287.3058,424063.643899999558926 2933280.37529999949,424064.250212252081838 2933151.833410353865474,424064.563500000163913 2933085.414499999955,424065.181305197649635 2932954.44264626596123,424065.778199999593198 2932827.903699999675,424068.24199999962 2932819.335899999365,424068.072499999776483 2932703.186499999836,424068.165900000371039 2932625.158299999312,424069.254099999554455 2932464.23699999973)",1,Metal,   1552.75562790000,
"LINESTRING (423800.894100000150502 2932817.367,423939.800900000147521 2932822.7079,424065.778199999593198 2932827.903699999675)",1,Metal,    265.09384170400,
"LINESTRING (424063.792700000107288 2933248.830299999565,424074.100399999879301 2933249.249099999666,424080.280399999581277 2933249.50019999966,424174.237499999813735 2933304.42669999972,424217.872999999672174 2933329.935599999502,424248.8267 2933348.030899999663,424263.338999999687076 2933329.35879999958,424274.374499999918 2933333.037299999967,424309.11600000038743 2933276.6336,424348.013500000350177 2933213.4823,424361.707100000232458 2933191.25029999949,424403.1222 2933131.945699999109,424416.6223 2933112.61419999972,424465.248100000433624 2933035.487099999562,424499.224899999797344 2932981.5953,424394.130300000309944 2932919.4098,424274.137900000438094 2932848.409199999645,424262.93030000012368 2932857.2839,424254.755900000222027 2932859.7363,424245.355200000107288 2932858.101399999112,424065.649199999869 2932855.2429)",1,Metal,   1137.97791342000,
"LINESTRING (424065.174999999813735 2932955.7826,424090.858 2932957.012299999595,424128.869199999608099 2932961.91699999943,424170.1502 2932970.9089,424185.273 2932977.4485,424417.389700000174344 2933111.3969)",1,Metal,    390.75709030800,
"LINESTRING (424064.712299999780953 2933053.87,424092.901600000448525 2933055.514499999583,424110.522599999792874 2933056.5425,424153.392599999905 2933070.22849999927,424171.376400000415742 2933079.2204,424361.707100000232458 2933191.25029999949)",1,Metal,    331.85024750300,
"LINESTRING (424064.249099999666214 2933152.0688,424085.111700000241399 2933151.730599999428,424103.554100000299513 2933155.8289,424120.288800000213087 2933163.684,424309.11600000038743 2933276.6336)",1,Metal,    278.27445497100,
"LINESTRING (424249.829300000332296 2932858.879499999806,424254.439600000157952 2932867.1194,424253.155600000172853 2932880.2807,424244.488400000147521 2932896.010099999607,424467.342799999751151 2933032.164699999616)",1,Metal,    301.78042783600,
"LINESTRING (424068.149000000208616 2932755.6216,424284.700799999758601 2932753.9042,424314.375900000333786 2932758.469599999487,424332.637400000356138 2932767.029699999839,424382.82120000012219 2932797.65)",1,Metal,    325.53897019900,
"LINESTRING (424332.637400000356138 2932767.029699999839,424380.895100000314415 2932685.298399999738,424408.409799999557436 2932638.6985,424408.840300000272691 2932637.969399999827,424409.769355742784683 2932636.50176232168451,424412.854107564024162 2932632.681369433179498,424416.540137570642401 2932629.437255006749183,424419.391599999741 2932627.577299999073,424481.6305 2932592.012099999934,424482.427500194287859 2932591.539191576186568,424485.845099999569356 2932589.0655,424486.285677758860402 2932588.685708146542311,424489.606196949782316 2932585.221140433102846,424492.293438709457405 2932581.245236905291677,424494.270095984917134 2932576.872377068735659,424495.479303945438005 2932572.228360138833523,424495.786399999633431 2932569.822,424495.861100000329316 2932568.6401,424500.242999999783933 2932464.840199999511)",1,Metal,    368.99108904600,
"LINESTRING (424068.003899999894202 2932656.24699999951,424137.870900000445545 2932655.391499999911,424293.237099999561906 2932657.10349999927,424308.313900000415742 2932657.2696,424324.05350000038743 2932660.527599999681,424380.895100000314415 2932685.298399999738,424531.208499999716878 2932767.9571)",1,Metal,    489.94512721200,
"LINESTRING (423346.272699999623001 2932445.9001,423346.174200000241399 2932388.0522,423346.045199999585748 2932312.3,423346.274199999869 2931985.833599999547,423343.6557 2931985.6949)",1,Metal,    462.68894486000,
"LINESTRING (423346.345700000412762 2932180.1158,423545.474399999715388 2932179.706499999389)",1,Metal,    199.12912064800,
"LINESTRING (423545.474399999715388 2932179.706499999389,423805.3492 2932179.217)",1,Metal,    259.87526101100,
"LINESTRING (423129.291500000283122 2933550.7485,424012.926799999549985 2933509.596)",101,Air Strip,    884.59305426900,
"LINESTRING (423527.123200000263751 2933532.220799999312,423522.535099999979 2933432.67139999941,423522.520156579092145 2933432.022526754997671,423522.734293719346169 2933429.574928042013198,423523.37019869138021 2933427.201698377728462,423524.408549844461959 2933424.974947143811733,423525.817797404248267 2933422.962333050556481,423527.555122096673585 2933421.225008357781917,423529.567736190161668 2933419.815760798286647,423531.794487423903774 2933418.777409645263106,423534.167717088363133 2933418.141504673287272,423536.49280000012368 2933417.927899999544,423577.555700000375509 2933417.5708,423579.777655216632411 2933417.366666030138731,423582.045665939920582 2933416.758954388089478,423584.173692465003114 2933415.766639322973788,423586.097075782716274 2933414.419871824793518,423587.757374864304438 2933412.759572743438184,423589.104142362251878 2933410.836189425550401,423590.096457427658606 2933408.708162900526077,423590.704169069358613 2933406.44015217712149,423590.904 2933404.4611,423593.1217 2933321.516699999571,423596.903199999593198 2933289.04629999958)",1,Metal,    299.73243403500,
"LINESTRING (422641.118700000457466 2932889.661199999973,422651.120400000363588 2932875.1259,422657.994099999777973 2932864.6881,422679.924800000153482 2932852.934699999169,422679.1436 2932598.510299999267,422974.180200000293553 2932599.087799999863,423344.80420000012964 2932598.5072)",1,Metal,    975.11066556100,
"LINESTRING (423175.613099999725819 2932114.283199999481,423184.39740000013262 2932117.4801,423185.998399999924 2932117.9776,423194.283900000154972 2932117.1491,423204.446600000374019 2932112.0677,423216.303100000135601 2932101.90499999933,423217.287200000137091 2932101.061499999836,423220.661778678011615 2932098.67209239397198,423222.962000000290573 2932097.5151,423237.052000000141561 2932095.9767,423255.683600000105798 2932097.247099999338,423273.468399999663234 2932101.481499999762,423345.994900000281632 2932100.208799999207)",1,Metal,    178.01143183500,
"LINESTRING (423175.613099999725819 2932114.283199999481,423171.772300000302494 2932110.345,423169.421299999579787 2932107.934399999678,423163.415099999867 2932105.772199999541,423161.2528 2932102.1684,423161.0126 2932098.0842,423162.454099999741 2931878.2555,423164.072100000455976 2931794.59259999916,423164.898699999786913 2931767.580199999735,423164.903130378515925 2931767.179022904951125,423164.627151157415938 2931764.024565973319113,423163.807598983112257 2931760.965955619234592,423162.469375533692073 2931758.096126170828938,423160.653142051480245 2931755.502275943290442,423158.414083871815819 2931753.263217763975263,423155.820233644393738 2931751.446984281763434,423152.971900000236928 2931750.116599999368,423142.513299999758601 2931749.001,423058.906299999915 2931748.7608,423001.965300000272691 2931748.5972,422813.366600000299513 2931748.512099999934,422794.412899999879301 2931773.7838,422772.751500000245869 2931805.373299999163,422742.064500000327826 2931851.403799999505,422702.615699999966 2931901.079199999571,422692.765399999917 2931905.884199999273,422674.9216 2931914.5886,422652.454599999822676 2931925.5481,422615.40500000026077 2931945.765699999407,422605.314500000327826 2931947.92799999937,422589.457999999634922 2931948.4085,422553.7456 2931945.601299999282,422540.037999999709427 2931945.601299999282,422531.661199999973 2931951.31279999949,422500.057500000111759 2931974.920299999416,422464.849999999627471 2931995.563899999484,422448.846499999985 2932004.8942,422414.0718 2932025.168299999088,422402.694799999706447 2932031.8012,422390.29079999961 2932042.8267,422364.1036 2932074.539699999616,422328.5466 2932124.9922,422281.457600000314415 2932195.145099999383,422257.6869 2932230.558599999174,422170.605000000447035 2932360.292899999768,422100.595499999821186 2932464.5927,422106.0751 2932473.594799999148,422118.808400000445545 2932483.445,422131.541600000113249 2932489.6915,422144.515100000426173 2932499.541799999774,422172.6244 2932516.3593,422262.477800000458956 2932564.649499999359,422281.457600000314415 2932577.863299999386,422290.810200000181794 2932584.3746,422324.942800000309944 2932597.80399999954,422344.031399999745 2932605.3144,422347.519500000402331 2932606.686799999326,422353.532599999569356 2932614.141,422370.349999999627471 2932647.5357,422376.701500000432134 2932656.318399999291,422382.667899999767542 2932662.1819,422436.376699999906 2932739.4381,422436.6206 2932754.068299999461,422487.8262 2932811.857599999756,422493.190600000321865 2932814.7836,422515.135900000110269 2932806.73699999973,422579.508799999952 2932806.73699999973,422679.924800000153482 2932852.934699999169)",1,Metal,   2513.33776096000,
"LINESTRING (423162.454099999741 2931878.2555,423346.713100000284612 2931878.0273)",1,Metal,    184.25914131000,
"LINESTRING (423164.072100000455976 2931795.0054,423340.6557 2931795.418199999258,423346.847299999557436 2931796.243699999526)",1,Metal,    182.83047032100,
"LINESTRING (423802.138899999670684 2932598.0776,423910.028199999593198 2932599.294399999082,423910.691499999724329 2932599.30189999938,423910.779698276368435 2932599.302397229708731,423912.138063921418507 2932599.183555634692311,423913.455156313721091 2932598.830641791690141,423914.690956267411821 2932598.254378809593618,423915.807914626260754 2932597.472276146989316,423916.772093175677583 2932596.508097597397864,423917.5541958383983 2932595.391139238607138,423918.130458820727654 2932594.155339284799993,423918.483372663613409 2932592.838246892672032,423918.594499999657273 2932591.827199999243,423919.609699999914 2932568.9857,423919.711512103735004 2932568.059389192610979,423920.03483949782094 2932566.852714930661023,423920.56279160885606 2932565.720517974812537,423921.279326879186556 2932564.697199556976557,423922.162673747166991 2932563.813852688763291,423923.18599216529401 2932563.09731741854921,423924.318189121142495 2932562.569365307223052,423925.524863383208867 2932562.246037913486362,423926.769350764574483 2932562.137159375473857,423927.021599999628961 2932562.141599999741,424068.319299999624491 2932567.118)",1,Metal,    296.02867837200,
"LINESTRING (422983.127199999988 2932153.3201,422994.703200000338256 2932153.331299999729,422994.540400000289083 2932104.975299999118,422997.089499999769032 2931748.5832)",1,Metal,    416.33349558800,
"LINESTRING (422995.534 2931966.056299999356,423161.8739 2931966.738)",1,Metal,    166.34129687800,
"LINESTRING (423346.174200000241399 2932388.0522,423188.147199999541044 2932386.890399999917,423186.962588997266721 2932386.782369819935411,423185.76318249606993 2932386.460989816579968,423184.637804726604372 2932385.936217544600368,423183.620649722928647 2932385.223997943103313,423182.742623225145508 2932384.345971445553005,423182.030403623997699 2932383.328816441819072,423181.505631351785269 2932382.203438672237098,423181.184251348429825 2932381.004032171331346,423181.076028582639992 2932379.767040297854692,423181.0789 2932379.564799999818,423181.346699999645352 2932310.071299999952,423346.045199999585748 2932312.3)",1,Metal,    403.57840125500,
"LINESTRING (423165.52350000012666 2932598.7881,423164.295199999585748 2932502.06,423146.713100000284612 2932485.2957,423064.118300000205636 2932441.136,423031.546500000171363 2932423.721499999985,423030.518418886873405 2932423.077432592399418,423029.517199999652803 2932422.229699999094,423028.562279564270284 2932421.121294670272619,423027.306413713202346 2932418.656519157811999,423026.95160000026226 2932417.095599999651,423026.8805 2932416.273,423025.683000000193715 2932385.936499999836)",1,Metal,    291.18174847800,
"LINESTRING (423343.660199999809265 2933289.4494,423343.626899999566376 2933428.531199999154,423332.950500000268221 2933428.528599999845)",1,Metal,    149.75820430100,
"LINESTRING (423173.271599999628961 2933037.550699999556,423345.623100000433624 2932956.0842)",1,Metal,    190.63533296500,
"LINESTRING (423344.914800000376999 2932742.1839,423251.49100000038743 2932739.64699999988)",1,Metal,     93.45823809620,
"LINESTRING (423577.480100000277162 2932773.242699999362,423572.964499999769032 2932773.2475,423503.624200000427663 2932783.381899999455,423459.086400000378489 2932784.982,423430.816899999976 2932787.115599999204,423367.877199999988 2932787.115599999204,423359.457600000314415 2932787.2133,423344.949500000104308 2932787.381599999964)",1,Metal,    233.37796135700,
"LINESTRING (423460.668899999931 2932784.487299999222,423463.130199999548495 2932700.8023,423463.263751285208855 2932699.497064156923443,423463.671956181642599 2932697.973622743971646,423464.338502353639342 2932696.544209864921868,423465.24313713319134 2932695.252257507760078,423466.358373650116846 2932694.137020990718156,423467.650326007336844 2932693.232386211398989,423468.816800000146031 2932692.6662)",1,Metal,     94.22805522220,
"MULTILINESTRING ((423359.472500000149012 2932625.2551,423359.847799999639392 2932473.653599999845),(423359.472500000149012 2932625.2551,423362.269899999722838 2932620.0971,423367.398400000296533 2932615.901,423374.858199999667704 2932614.2692,423389.544499999843538 2932613.103599999,423410.259399999864399 2932611.459499999881,423423.205299999564886 2932610.43209999986,423428.941100000403821 2932606.3432,423435.934600000269711 2932597.95099999942,423442.740799999795854 2932589.7835,423447.124099999666214 2932575.3388,423448.816399999894202 2932569.762,423463.20920000039041 2932538.972699999809,423465.770100000314415 2932533.4941,423468.8788 2932526.8439,423469.5548 2932520.924399999902,423468.729100000113249 2932516.268899999559,423467.450299999676645 2932504.0559,423467.448300000280142 2932501.414499999955,423467.441399999894202 2932492.181399999186,423467.408599999733269 2932448.5252),(423359.46750000026077 2932787.18099999987,423359.472500000149012 2932630.1599,423359.472500000149012 2932625.2551))",1,Metal,    557.55261565900,
"LINESTRING (423469.5548 2932520.924399999902,423499.855000000447035 2932542.469399999827,423501.253700000233948 2932546.6655,423501.020600000396371 2932562.5174,423504.051099999807775 2932564.615399999544,423523.399699999951 2932574.1732,423529.892400000244379 2932577.3804)",1,Metal,     89.96387597260,
"LINESTRING (423467.441399999894202 2932492.181399999186,423478.2001 2932501.954199999571,423478.588200000114739 2932510.423699999228,423507.547799999825656 2932533.8441,423517.105600000359118 2932543.8681,423519.6699 2932566.480399999768,423529.892400000244379 2932577.3804)",1,Metal,    111.80898367900,
"LINESTRING (423462.254200000315905 2932730.5883,423482.806900000199676 2932730.638399999589)",1,Metal,     20.55276106260,
"LINESTRING (423482.8015 2932730.6837,423544.541799999773502 2932730.7235)",1,Metal,     61.74031282800,
"LINESTRING (423618.531899999827147 2932730.4579,423623.048999999649823 2932736.875399999321,423634.712500000372529 2932737.8473,423671.321600000374019 2932737.664699999616,423683.432199999690056 2932737.604299999774,423686.069799999706447 2932737.5885,423799.796900000423193 2932736.9086)",1,Metal,    184.63884301100,
"LINESTRING (423723.508399999700487 2932516.729199999943,423717.931300000287592 2932515.93239999935,423717.4709 2932448.5723)",1,Metal,     72.99540523410,
"LINESTRING (423634.712500000372529 2932737.8473,423639.341799999587238 2932754.7057,423637.87540000025183 2932763.992799999192,423643.985399999655783 2932758.3717,423653.028099999763072 2932747.6181,423671.321600000374019 2932737.664699999616)",1,Metal,     70.06322798980,
"LINESTRING (423695.468000000342727 2932792.1124,423688.2264 2932792.0997,423686.242700000293553 2932790.4879,423686.280600000172853 2932737.5784)",1,Metal,     62.70709124520,
"MULTILINESTRING ((423771.216400000266731 2932737.0795,423758.7966 2932763.68759999983),(423758.7966 2932763.68759999983,423743.326999999582767 2932784.2586,423743.343999999575317 2932800.273199999705,423743.266699999570847 2932821.71759999916,423743.83730182168074 2932822.923267982434481,423744.655718504684046 2932824.092088136821985,423745.664665089163464 2932825.101034721359611,423746.833485243667383 2932825.919451404362917,423748.126664959301706 2932826.522471008822322,423749.504911624710076 2932826.891771090216935,423750.926347912463825 2932827.016130650881678,423752.347784200217575 2932826.891771090216935,423753.726030865625944 2932826.522471008822322,423755.019210581260268 2932825.919451404362917,423756.188030735764187 2932825.101034721359611,423757.196977320243604 2932824.092088136821985,423758.015394003246911 2932822.923267982434481,423758.618413607997354 2932821.630088266916573,423758.653199999593198 2932821.5326),(423758.7966 2932763.68759999983,423758.652700000442564 2932800.277699999511,423743.373100000433624 2932800.268699999899),(423758.653199999593198 2932821.5326,423758.6579 2932799.881599999964),(423758.653199999593198 2932821.5326,423758.661999999545515 2932821.5074))",1,Metal,    186.12105860900,
"MULTILINESTRING ((423563.293399999849498 2932820.7717,423503.590900000184774 2932819.7243,423485.191499999724329 2932819.7484,423483.699193821521476 2932819.856106230989099,423480.809095941425767 2932820.704715535510331,423480.166600000113249 2932821.0249,423478.275048022158444 2932822.333239106461406,423477.072499999776483 2932823.559699999169,423476.302725870511495 2932824.60941127082333,423475.448900000192225 2932826.231699999422,423472.168600000441074 2932834.039,423472.8668 2932933.543,423570.628399999812245 2932932.857,423574.465699999593198 2932930.4008,423575.212500000372529 2932929.9228,423575.076999999582767 2932864.738299999386,423560.849399999715388 2932850.4484,423565.375699999742 2932843.35869999975,423563.293399999849498 2932820.7717),(423579.096400000154972 2932820.7517,423563.293399999849498 2932820.7717))",1,Metal,    433.93943773200,
"LINESTRING (423560.849399999715388 2932850.4484,423514.065000000409782 2932898.6293)",1,Metal,     67.15786780500,
"LINESTRING (423492.035099999979 2932833.349099999294,423510.7336 2932832.7299,423532.2801 2932834.7112,423560.849399999715388 2932850.4484)",1,Metal,     72.96308639400,
"LINESTRING (423575.212500000372529 2932929.9228,423575.0093 2932951.17699999921)",1,Metal,     21.25517131930,
"LINESTRING (423492.035099999979 2932833.349099999294,423472.168600000441074 2932834.039)",1,Metal,     19.87847540040,
"LINESTRING (423565.375699999742 2932843.35869999975,423573.9227 2932843.308599999174)",1,Metal,      8.54714683473,
"LINESTRING (423359.463700000196695 2932787.2386,423357.808899999596179 2932867.54099999927,423357.543600000441074 2932880.41499999911,423357.401399999856949 2932887.3154,423357.39962394622853 2932887.487786504905671,423357.526736532163341 2932888.940690010320395,423357.904212038323749 2932890.349447777960449,423358.520581062475685 2932891.671255415771157,423359.35329999961 2932892.8614,423359.759200000204146 2932893.345799999312,423360.115818552032579 2932893.702485505957156,423360.528541407198645 2932893.991477160714567,423360.985176949005108 2932894.204409810714424,423361.471850537520368 2932894.334813605528325,423361.973774842044804 2932894.378726292401552,423362.407499999739 2932894.346,423426.937699999660254 2932884.5512,423429.411999999545515 2932881.7858,423429.483726837963331 2932881.703022562898695,423429.828867239644751 2932881.210110986605287,423430.083170986035839 2932880.664754842408001,423430.238911186519545 2932880.083524501416832,423430.291299999691546 2932879.503699999303,423430.816899999976 2932787.115599999204)",1,Metal,    273.56560103600,
"LINESTRING (422994.688900000415742 2932149.094599999487,423005.352099999785423 2932149.093399999663)",2,Cement,     10.66320006690,
"LINESTRING (422994.540400000289083 2932104.975299999118,423008.575799999758601 2932105.0789)",2,Cement,     14.03578234750,
"LINESTRING (423181.135099999606609 2932309.9495,423177.529400000348687 2932307.873299999163,423167.7752 2932277.132799999788,423163.364699999801815 2932263.23299999908,423149.449099999852479 2932238.411499999464,423140.486999999731779 2932132.844599999487)",2,Cement,    185.39718292200,
"LINESTRING (423587.649899999611 2933288.989,423589.439000000245869 2933150.2925)",2,Cement,    138.70803866700,
"LINESTRING (423413.322599999606609 2933072.700899999589,423413.422199999914 2933103.9572,423460.194799999706447 2933150.69099999964,423589.439000000245869 2933150.2925,423631.716099999845028 2933113.3463,423631.716099999845028 2933075.5358)",2,Cement,    320.57680217300,
"LINESTRING (423514.065000000409782 2932898.6293,423489.756099999882281 2932833.4282)",3,Brick,     69.58524312200,
"LINESTRING (423974.019600000232458 2933180.2171,424064.116299999878 2933180.2145)",2,Cement,     90.09670003720,
"LINESTRING (423974.762699999846518 2933101.4491,424064.486700000241399 2933101.691299999133)",2,Cement,     89.72432689580,
"LINESTRING (423973.028800000436604 2933003.8892,424064.948099999688566 2933003.88499999978)",2,Cement,     91.91930009520,
"LINESTRING (423971.7028 2932925.964199999347,424065.315999999642372 2932925.879899999127)",2,Cement,     93.61323795620,
"LINESTRING (423974.204699999652803 2932781.357699999586,424068.186599999666214 2932781.350199999288)",2,Cement,     93.98190029930,
"LINESTRING (423974.555499999783933 2932703.357599999756,424068.072499999776483 2932703.186499999836)",2,Cement,     93.51715652330,
"LINESTRING (423969.6617 2932563.6434,423969.736499999649823 2932609.05719999969,423969.736499999649823 2932619.5603,423969.821657981257886 2932620.533668522257358,423970.074544443690684 2932621.477453648578376,423970.487475559930317 2932622.362987285014242,423971.047904626873787 2932623.163362939842045,423971.73880329093663 2932623.854261604137719,423972.539178945764434 2932624.414690671022981,423972.569199999794364 2932624.4319,423973.196710654476192 2932624.738944132812321,423973.495400000363588 2932624.8528,423975.342299999669194 2932625.165699999779,424068.165900000371039 2932625.158299999312)",2,Cement,    157.54588988000,
"LINESTRING (423910.028199999593198 2932599.294399999082,423957.280299999751151 2932609.05719999969,423969.736499999649823 2932609.05719999969)",2,Cement,     60.70631107000,
"LINESTRING (422613.785000000149012 2932632.6576,422679.248399999924 2932632.6522)",2,Cement,     65.46340022250,
"LINESTRING (422615.294200000353158 2932694.576799999923,422679.438400000333786 2932694.537799999118)",2,Cement,     64.14421185610,
"LINESTRING (422679.830299999564886 2932822.15499999933,422810.888799999840558 2932822.15509999916,422810.7171 2932748.272199999541,422915.75650000013411 2932748.0281,422917.467955751926638 2932747.922580959275365,422919.712399999611 2932747.46759999916,422920.8567235104274 2932747.087323961779475,422923.947112647758331 2932745.465362621005625,422926.559539937530644 2932743.15095399925485,422927.1628 2932742.423499999568,422928.260859500325751 2932740.789342943113297,422929.327384923410136 2932738.5021717925556,422929.980544326535892 2932736.064547714777291,422930.200491791707464 2932733.550536683760583,422929.980544326535892 2932731.036525652743876,422929.827100000344217 2932730.2837,422914.123700000345707 2932662.484799999744,422914.075717650237493 2932662.249384745024145,422914.006927080859896 2932661.463104939088225,422914.075717650237493 2932660.676825133152306,422914.279999191814568 2932659.914436040911824,422914.613564714207314 2932659.199102469719946,422915.066278997866903 2932658.552559467963874,422915.624386548413895 2932657.994451917242259,422916.270929550286382 2932657.541737633757293,422916.986263121536467 2932657.20817211130634,422917.748652213544119 2932657.003890569787472,422918.534900000318885 2932656.9351,422961.751699999906 2932656.9351,422962.55262538214447 2932656.909931458998471,422965.693177002249286 2932656.310839196667075,422968.586074231076054 2932654.949545091949403,422968.704300000332296 2932654.8736,422970.496299999766052 2932653.4656,422971.049646009516437 2932652.911464818753302,422972.928915056341793 2932650.324872879311442,422974.105884152697399 2932647.352188274264336,422974.506599999964 2932644.1804,422974.506099999882281 2932644.08799999952,422974.180200000293553 2932599.087799999863)",2,Cement,    522.06681650600,
"LINESTRING (422810.7171 2932748.272199999541,422679.604399999603629 2932748.5964)",2,Cement,    131.11310082200,
"LINESTRING (424409.070199999958 2932536.706399999559,424395.695199999958 2932536.6958,424393.034400000236928 2932536.7167,424392.956580214027781 2932536.71700620977208,424391.239428776607383 2932536.566774925682694,424389.574452116736211 2932536.120645774062723,424388.012239707633853 2932535.392174164298922,424386.600258582853712 2932534.403494336642325,424385.38141107436968 2932533.184646828100085,424384.392731247004122 2932531.77266570366919,424383.664259636949282 2932530.210453294217587,424383.218130485503934 2932528.545476634521037,424383.067900000140071 2932526.832299999893,424383.043100000359118 2932464.0512)",2,Cement,     94.42394077720,
"LINESTRING (423421.269000000320375 2933282.5895,423420.9693 2933245.218599999323)",1,Metal,     37.37210172040,
"LINESTRING (423335.058199999853969 2933229.1162,423345.028300000354648 2933229.0326)",1,Metal,      9.97045049032,
"LINESTRING (422699.840200000442564 2932828.253,422699.972699999809265 2932815.924499999732)",2,Cement,     12.32921199910,
"LINESTRING (422717.0735 2932827.9879,422717.0735 2932816.189699999988)",2,Cement,     11.79820000010,
"LINESTRING (422778.185600000433624 2932828.319299999624,422778.318099999800324 2932815.9908)",2,Cement,     12.32921199720,
"LINESTRING (422795.418899999931 2932828.054199999198,422795.418899999931 2932816.25599999912)",2,Cement,     11.79820000010,
"LINESTRING (422739.609400000423193 2932835.9417,422739.74199999962 2932807.838099999353)",2,Cement,     28.10391281960,
"LINESTRING (422756.3125 2932835.8092,422756.3125 2932807.9644)",2,Cement,     27.84479999910,
"LINESTRING (423544.140499999747 2932303.1421,423557.362700000405312 2932303.2177)",1,Metal,     13.22241612630,
"LINESTRING (423480.535000000149012 2931796.1675,423480.548700000159442 2931807.647199999541)",1,Metal,     11.47970817400,
"LINESTRING (423606.367600000463426 2931901.3453,423595.066100000403821 2931901.403899999335)",1,Metal,     11.30165192400,
"LINESTRING (423805.982300000265241 2931928.828199999407,423796.833700000308454 2931928.865599999204)",1,Metal,      9.14867644631,
"LINESTRING (423402.312099999748 2932684.3804,423402.619900000281632 2932631.7376)",4,Kaccha Path,     52.64369983800,
"LINESTRING (423402.466900000348687 2932657.900599999353,423491.138399999588728 2932658.21299999952)",4,Kaccha Path,     88.67205030830,
"LINESTRING (423508.957999999634922 2932658.8287,423641.228699999861419 2932658.6554)",4,Kaccha Path,    132.27081352800,
"LINESTRING (423536.657999999821186 2932658.7924,423536.646800000220537 2932567.5284)",4,Kaccha Path,     91.26400068770,
"LINESTRING (423576.005400000140071 2932722.7155,423576.240299999713898 2932658.740499999374)",4,Kaccha Path,     63.97543124670,
"LINESTRING (423685.130800000391901 2932659.906099999323,423748.086099999957 2932659.968399999663,423748.076799999923 2932516.7386,423745.766599999741 2932516.7232)",4,Kaccha Path,    208.49538245500,
"LINESTRING (423529.892400000244379 2932577.3804,423531.910699999891222 2932579.14499999955,423532.605200000107288 2932585.2572,423532.740399999544024 2932658.99469999969)",3,Brick,     82.57007674790,
"LINESTRING (423468.816800000146031 2932692.6662,423468.922600000165403 2932692.6247,423470.161091686226428 2932692.246994467452168,423470.376899999566376 2932692.2005,423472.174399999902 2932692.020199999213,423478.974600000306964 2932692.020199999213,423492.088700000196695 2932692.1205,423506.9062 2932694.83699999936,423508.88260000012815 2932695.1993,423508.916521547944285 2932695.205399776808918,423509.800355712766759 2932695.282725246623158,423510.684189877589233 2932695.205399776808918,423511.541169188567437 2932694.97577286278829,423512.345254762971308 2932694.600821601226926,423513.07201486750273 2932694.091938697732985,423513.411999999545515 2932693.7793,423515.549700000323355 2932691.626599999145,423522.590200000442564 2932684.536499999464,423532.836799999698997 2932680.266499999911,423533.577600000426173 2932670.388199999928,423532.740399999544024 2932658.99469999969)",3,Brick,     90.82317678850,
"LINESTRING (423533.1831 2932665.0192,423641.228699999861419 2932665.3256)",3,Brick,    108.04603445000,
"LINESTRING (423532.836799999698997 2932680.266499999911,423539.082100000232458 2932678.740599999204,423544.521099999547005 2932677.559399999678,423544.960699999704957 2932677.4778,423546.091779243608471 2932677.39085073210299,423547.376826944993809 2932677.503277838230133,423548.622829122294206 2932677.83714311523363,423549.509999999776483 2932678.2276,423550.138951892149635 2932678.595655884128064,423550.667700000107288 2932678.975299999118,423550.848442388523836 2932679.1221768646501,423551.760579289169982 2932680.034313765354455,423552.500467870093416 2932681.090984167531133,423553.045626991253812 2932682.260081675369292,423553.379492268606555 2932683.506083853542805,423553.468399999663234 2932684.2016,423553.49199999962 2932684.791699999943,423553.490299999713898 2932704.531099999323)",3,Brick,     44.94168903530,
"LINESTRING (423535.914800000376999 2932803.274199999869,423545.397199999541044 2932803.088899999857)",4,Kaccha Path,      9.48421034320,
"LINESTRING (423573.844600000418723 2932803.6434,423583.0307 2932803.651399999857)",4,Kaccha Path,      9.18610348311,
"LINESTRING (423575.9528 2932803.639799999073,423576.005400000140071 2932735.1797)",4,Kaccha Path,     68.46012020600,
"LINESTRING (423611.478099999949 2932803.4594,423695.468000000342727 2932803.6446)",4,Kaccha Path,     83.99010418560,
"LINESTRING (423651.079599999822676 2932803.5467,423651.0921 2932841.152599999681)",4,Kaccha Path,     37.60590207640,
"LINESTRING (423648.563199999742 2932841.151699999347,423651.1096 2932841.1466,423654.206399999558926 2932841.140599999577)",4,Kaccha Path,      5.64321091947,
"LINESTRING (423579.043100000359118 2932843.329099999741,423579.136699999682605 2932803.644799999893)",4,Kaccha Path,     39.68441038290,
"LINESTRING (423551.512900000438094 2932758.1991,423551.50760000012815 2932754.266899999231)",4,Kaccha Path,      3.93220357334,
"LINESTRING (423551.600899999961 2932740.569599999115,423551.600899999961 2932735.29199999943)",4,Kaccha Path,      5.27759999968,
"LINESTRING (423482.307 2932755.399599999189,423482.3284 2932750.248099999502)",4,Kaccha Path,      5.15154444868,
"LINESTRING (423482.799499999731779 2932732.81279999949,423482.879499999806285 2932727.160299999639)",4,Kaccha Path,      5.65306609269,
"LINESTRING (423553.468399999663234 2932684.2016,423576.105000000447035 2932697.092499999329)",3,Brick,     26.04977854760,
"LINESTRING (423460.668899999931 2932784.487299999222,423459.197200000286102 2932791.944099999964,423459.188299854518846 2932791.991743565071374,423459.152010039368179 2932792.406538050621748,423459.188299854518846 2932792.821332536172122,423459.29606665240135 2932793.223523701075464,423459.47203599329805 2932793.600891170557588,423459.710861137893517 2932793.941968824714422,423459.841400000266731 2932794.0853,423485.191499999724329 2932819.7484)",3,Brick,     46.00002893600,
"LINESTRING (422679.308699999936 2932652.2762,422713.036399999633431 2932652.0985,422713.060700000263751 2932656.709899999201)",2,Cement,     38.33963214090,
"LINESTRING (423346.2149 2932070.329099999741,423361.339100000448525 2932070.1864)",1,Metal,     15.12487318770,
"LINESTRING (423728.681300000287592 2931793.9173,423728.614099999889731 2931809.6061)",1,Metal,     15.68894391820,
"LINESTRING (423161.595200000330806 2932009.24,423145.997899999842048 2932009.174799999222)",1,Metal,     15.59743627480,
"LINESTRING (423144.670099999755621 2931847.3507,423163.053100000135601 2931847.2828)",1,Metal,     18.38312539870,
"LINESTRING (423327.081299999728799 2932214.0537,423346.114199999719858 2932213.887199999765)",1,Metal,     19.03362825790,
"LINESTRING (423364.923600000329316 2932345.255899999291,423346.101499999873 2932345.349099999294)",1,Metal,     18.82233074480,
"LINESTRING (423165.537100000306964 2932362.320599999279,423181.145399999804795 2932362.3187)",1,Metal,     15.60830011510,
"LINESTRING (423327.671299999579787 2932465.888499999419,423345.837000000290573 2932465.941099999472)",1,Metal,     18.16577615400,
"LINESTRING (423569.4561 2932164.8288,423569.318099999800324 2932179.661599999294)",1,Metal,     14.83344194080,
"LINESTRING (423611.382000000216067 2931820.901499999687,423621.768500000238419 2931826.1223)",1,Metal,     11.62480687590,
"LINESTRING (423793.628299999982 2932124.754499999806,423805.193300000391901 2932124.765699999407)",1,Metal,     11.56500542370,
"LINESTRING (424004.116399999707937 2932362.834,423989.706600000150502 2932362.6599)",1,Metal,     14.41085170410,
"LINESTRING (423822.692499999888241 2932210.654899999499,423804.641800000332296 2932210.4252)",1,Metal,     18.05216143740,
"LINESTRING (423737.564500000327826 2932197.7946,423737.332799999975 2932179.3451)",1,Metal,     18.45095485720,
"LINESTRING (423790.900299999862909 2932383.335899999365,423804.358900000341237 2932383.5219)",1,Metal,     13.45988521400,
"LINESTRING (423724.496799999848008 2932430.571299999952,423724.184999999590218 2932448.2246)",1,Metal,     17.65605335690,
"LINESTRING (423282.146599999628961 2933298.460799999535,423282.090599999763072 2933289.2584)",2,Cement,      9.20257038766,
"LINESTRING (423847.8141 2932102.3734,423847.718999999575317 2932110.482499999925)",2,Cement,      8.10965762563,
"LINESTRING (424360.454599999822676 2932244.217,424414.135499999858439 2932244.196699999273,424414.062800000421703 2932164.852)",2,Cement,    133.02563714400,
"LINESTRING (424414.135499999858439 2932244.196699999273,424414.0877 2932250.3081)",2,Cement,      6.11158693051,
"LINESTRING (424360.304999999701977 2932273.655899999663,424472.2796 2932273.7793)",2,Cement,    111.97466799600,
"LINESTRING (424472.2796 2932273.7793,424472.479500000365078 2932228.0996,424500.628200000151992 2932228.222799999639)",2,Cement,     73.82910699830,
"LINESTRING (424472.2796 2932273.7793,424472.479500000365078 2932313.0164,424465.751899999566376 2932313.050599999726)",2,Cement,     45.96529613700,
"LINESTRING (424472.479500000365078 2932313.0164,424500.584300000220537 2932312.8045)",2,Cement,     28.10559881310,
"LINESTRING (424472.363599999807775 2932254.5896,424466.835599999875 2932254.589299999177)",2,Cement,      5.52800000807,
"LINESTRING (424414.107699999585748 2932213.8616,424420.731499999761581 2932213.860799999908)",2,Cement,      6.62380004849,
"LINESTRING (424439.410000000149012 2932165.2387,424439.332100000232458 2932176.909399999306)",2,Cement,     11.67095998070,
"LINESTRING (424360.801799999549985 2932302.6171,424417.3596 2932302.638599999249,424417.179899999872 2932325.321599999443,424423.036199999973 2932325.2945)",2,Cement,     85.09787859100,
"LINESTRING (424392.8267 2932302.6293,424392.82050000037998 2932295.97)",2,Cement,      6.65930288566,
"LINESTRING (424487.261800000444055 2932191.438799999654,424500.856700000353158 2932191.4921)",2,Cement,     13.59500448320,
"LINESTRING (424486.504399999976 2932343.188899999484,424500.515999999828637 2932343.2254)",2,Cement,     14.01164754070,
"LINESTRING (424389.219100000336766 2932165.1183,424389.2478 2932140.3636,424399.0131 2932140.248099999502)",2,Cement,     34.52069965620,
"LINESTRING (424428.200299999676645 2932165.049699999392,424428.235500000417233 2932150.185599999502)",2,Cement,     14.86414167880,
"LINESTRING (424456.815499999560416 2932139.339299999177,424468.109400000423193 2932139.477499999106,424468.205500000156462 2932165.7243)",2,Cement,     37.54172145610,
"LINESTRING (424222.928999999538064 2932279.0006,424288.421400000341237 2932279.002,424310.662200000137091 2932273.724199999124,424360.304999999701977 2932273.655899999663)",2,Cement,    137.99368871100,
"LINESTRING (424223.10120000038296 2932203.42669999972,424360.661000000312924 2932203.339299999177,424360.665099999867 2932203.339299999177)",2,Cement,    137.56392776500,
"LINESTRING (424319.289200000464916 2932210.30189999938,424319.320600000210106 2932196.243699999526)",2,Cement,     14.05823506690,
"LINESTRING (424337.6003 2932210.121799999848,424337.634499999694526 2932196.447799999267)",2,Cement,     13.67404276930,
"LINESTRING (424223.007699999958 2932243.5163,424253.41399999987 2932243.473899999633,424253.554399999789894 2932222.0282,424262.566599999554455 2932222.0872)",2,Cement,     60.86488226420,
"LINESTRING (424247.267300000414252 2932243.4337,424247.2231 2932252.601099999622)",2,Cement,      9.16750655179,
"LINESTRING (424254.406700000166893 2932282.785099999979,424254.406700000166893 2932273.8508)",2,Cement,      8.93429999985,
"LINESTRING (424310.593999999575317 2932280.0055,424310.991100000217557 2932265.3135)",2,Cement,     14.69736549200,
"LINESTRING (424253.41399999987 2932243.473899999633,424272.672500000335276 2932243.672399999574,424272.559299999848008 2932254.6564,424276.246600000187755 2932254.694399999455)",2,Cement,     33.93160205850,
"LINESTRING (424222.793999999761581 2932339.924399999902,424360.854399999603629 2932340.0248)",2,Cement,    138.06043650600,
"LINESTRING (424312.2549 2932347.658199999481,424312.286299999803305 2932333.6)",2,Cement,     14.05823506690,
"LINESTRING (424335.549100000411272 2932347.538899999112,424335.580500000156462 2932333.480699999258)",2,Cement,     14.05823506690,
"LINESTRING (424500.622499999590218 2932295.793199999258,424572.777499999850988 2932295.903599999845)",2,Cement,     72.15508445840,
"LINESTRING (424500.787200000137091 2932222.422599999234,424572.668499999679625 2932222.4559)",2,Cement,     71.88130771290,
"LINESTRING (424529.750199999660254 2932230.501,424529.730200000107288 2932213.789899999276)",2,Cement,     16.71111196900,
"LINESTRING (424552.614400000311434 2932230.6568,424552.614400000311434 2932213.440899999812)",2,Cement,     17.21590000020,
"LINESTRING (424528.119800000451505 2932303.135199999437,424528.137099999934 2932286.5522)",2,Cement,     16.58300902270,
"LINESTRING (424550.232699999585748 2932303.135399999097,424550.2993 2932286.550599999726)",2,Cement,     16.58493372250,
"LINESTRING (423637.87540000025183 2932763.992799999192,423633.484400000423193 2932767.3418,423612.9527000002563 2932773.205199999735,423577.480100000277162 2932773.242699999362)",3,Bricks,     62.34752119190,
"LINESTRING (423821.080400000326335 2932383.5457,423804.358900000341237 2932383.5219)",1,Metal,     16.72151693750,
"LINESTRING (422699.598899999633431 2932753.822499999776,422699.731399999931 2932741.494)",2,Cement,     12.32921199720,
"LINESTRING (422716.8322 2932753.55739999935,422716.8322 2932741.759199999273)",2,Cement,     11.79820000010,
"LINESTRING (422777.944299999624491 2932753.8888,422778.076799999923 2932741.5603)",2,Cement,     12.32921199910,
"LINESTRING (422795.1776 2932753.6237,422795.1776 2932741.8255)",2,Cement,     11.79820000010,
"LINESTRING (422739.368099999614 2932761.511199999601,422739.500699999742 2932733.4076)",2,Cement,     28.10391281780,
"LINESTRING (422756.07120000012219 2932761.378699999303,422756.07120000012219 2932733.5339)",2,Cement,     27.84479999910,
"LINESTRING (422654.928000000305474 2932778.598,422654.928000000305474 2932784.226299999282,422679.669499999843538 2932784.226299999282)",2,Cement,     30.36979999950,
"LINESTRING (422764.646300000138581 2932598.677699999884,422764.646300000138581 2932653.848,422791.189799999818206 2932653.848,422791.189899999648333 2932539.245799999684,422764.650000000372529 2932539.026799999177,422764.646300000138581 2932598.677699999884)",2,Cement,    282.50770366200,
"LINESTRING (424572.8514 2932345.7002,424583.824900000356138 2932345.699799999595)",2,Cement,     10.97350000760,
"LINESTRING (424572.758500000461936 2932283.092,424583.408200000412762 2932283.04659999907)",2,Cement,     10.64979677030,
"LINESTRING (424572.668499999679625 2932222.4559,424582.958999999798834 2932222.403)",2,Cement,     10.29063596980,
"LINESTRING (424572.867399999872 2932356.5084,424572.743700000457466 2932405.17669999972,424600.310399999842048 2932405.384299999103,424600.252399999648333 2932389.085799999535,424593.447100000455976 2932389.11)",2,Cement,     99.33988511690,
"LINESTRING (424500.386900000274181 2932400.73409999907,424522.082299999892712 2932400.9976)",2,Cement,     21.69700010130,
"LINESTRING (423412.932699999772012 2932950.29,423412.984699999914 2932966.6062)",1,Metal,     16.31628286340,
"LINESTRING (423631.716099999845028 2932963.844399999827,423631.716099999845028 2932951.581)",1,Metal,     12.26339999960,
"LINESTRING (423502.233 2932967.6707,423502.226599999703467 2932950.658399999142)",1,Metal,     17.01230120530,
"LINESTRING (423426.937699999660254 2932884.5512,423472.671299999579787 2932905.6773)",2,Cement,     50.37731900530,
"LINESTRING (423638.696600000374019 2932637.88099999912,423629.294499999843538 2932637.6336,423608.263500000350177 2932628.231499999762,423608.511 2932541.138599999249)",2,Cement,    119.53558601400,
"LINESTRING (423608.465900000184774 2932556.9997,423632.511 2932578.524199999869,423689.665699999779463 2932578.7717)",3,Brick,     89.42706468040,
"LINESTRING (423671.927799999713898 2932578.6949,423694.696700000204146 2932559.184,423695.026600000448525 2932508.709699999541,423717.874900000169873 2932508.85899999924)",3,Brick,    103.30912922300,
"LINESTRING (423530.440700000151992 2932505.5543,423534.126899999566376 2932505.55199999921,423535.549999999813735 2932527.5524,423542.4199 2932541.757799999788)",4,Kaccha Path,     41.51196201530,
"LINESTRING (430834.265630216686986 2929005.297410968225449,430856.062730216770433 2929014.788910965900868,430859.159244663431309 2929015.933049182873219,430863.983769802725874 2929016.972813885193318,430868.914619625895284 2929017.182273817714304,430873.479030217393301 2929016.624710965435952,430950.430630215792917 2929000.973610966932029,431133.983530216268264 2928974.751710965763777,431381.634130216552876 2928949.986710967030376,431502.545930216438137 2928926.678410969208926,431735.628930215141736 2928917.937710964586586,431875.478730216971599 2928925.221610966604203,432142.067430217168294 2928915.024210964795202,432363.496230217046104 2928885.888810967560858,432429.050830216496252 2928864.03731096489355,432504.802830216824077 2928817.420710967388004,432579.09803021827247 2928743.125510964076966,432657.763530217460357 2928646.978810965549201,432716.034230216755532 2928601.818910965230316)",20,,   2002.00237710000,Dr.Ambedkar Rd
"LINESTRING (433593.774130217148922 2926326.59731096541509,433623.35873021685984 2926385.631410967092961,433659.828730215667747 2926502.335610966663808,433675.212730216211639 2926551.564310965593904,433674.416730217984878 2926606.275310966651887,433705.416330215870403 2926653.686410966794938,433751.113730216748081 2926723.576410965528339,433798.116830216138624 2926795.463510965462774,433820.297030217363499 2926887.094810964073986,433854.94363021699246 2926970.976010964717716,433863.074430217384361 2927061.307110964786261)",20,,    796.36380703000,Hamirpur Rd
"LINESTRING (432716.034230216755532 2928601.818910965230316,432874.822030216804706 2928539.177910966333002,432901.446130218333565 2928528.674810962285846,433062.621830216958188 2928465.091710967477411,433236.100630216649733 2928410.982210965361446,433326.420330217457376 2928409.52551096631214,433477.924230217351578 2928489.647810967173427,433549.467830215930007 2928642.851310964208096,433584.293030215776525 2928717.426010965835303,433629.751930215745233 2928749.033510967623442,433710.036030217423104 2928767.162210965063423,433803.269230217090808 2928754.213110964279622,434015.633730217232369 2928650.620710964780301,434362.668430216959678 2928505.591310966294259,434659.779430217458867 2928381.425510966684669,434933.721730216755532 2928334.98751096567139)",20,,   2511.47943717000,Dr.Ambedkar Rd
"LINESTRING (434577.324130216962658 2925529.477810965385288,434624.953030215925537 2925601.559810965787619,434700.828830216429196 2925731.874010966625065,434757.438330216682516 2925829.098810966592282,434844.602630216046236 2925978.800510966684669,434884.696530216722749 2926047.660310966428369,434958.171030217199586 2926173.850410967599601,435010.222630216157995 2926263.247210964094847,435064.972230216837488 2926335.779310965444893,435126.722830215818249 2926400.435810962226242,435189.83383021724876 2926438.611110964324325)",20,,   1106.11593432000,Canal Rd
"LINESTRING (425823.898230215883814 2931296.581410966347903,425642.981530216871761 2931514.021110964473337,425557.205830215825699 2931617.113010966684669,425474.786730218096636 2931716.170710967388004,425416.198630215949379 2931797.712110967840999,425344.001830215915106 2931911.528210965450853,425289.641930217272602 2932006.127310964744538,425211.287130216485821 2932119.518710964825004,425124.651030216715299 2932255.843310964759439,425062.859030218212865 2932340.568310962524265)",10,,   1294.34793850000,NH91
"LINESTRING (435211.582430216833018 2926361.913510962855071,435189.83383021724876 2926438.611110964324325,435180.561430216184817 2926454.191810963209718,435161.195630217320286 2926486.733110965695232,435155.417430217727087 2926496.442410967778414,435101.728930217563175 2926490.980310968589038,435053.36773021647241 2926493.39571096515283,434971.041630216292106 2926497.507510965224355,434936.154030217207037 2926512.081910965498537,434900.480330217047594 2926551.153110967483371,434869.053530216566287 2926604.66371096810326,434833.379830216406845 2926650.636110964696854,434795.795030217966996 2926688.857910967897624,434759.484230216010474 2926717.524310968350619,434639.085530217154883 2926765.938610964920372,434547.635230216546915 2926802.712210965808481,434479.269530216581188 2926830.203210964333266,434417.39883021672722 2926848.115510966163129,434267.413530216901563 2926902.652410968672484,434171.823530217050575 2926942.635010964702815,434038.524930216721259 2926988.501210966613144,433968.292230217135511 2927017.645310965832323,433941.196030217572115 2927028.889310964848846,433863.074430217384361 2927061.307110964786261)",20,,   1603.23216211000,Railway Rd
"LINESTRING (430069.000130216940306 2929438.792310967575759,429821.992330217151903 2929563.012910967227072,429575.040730216889642 2929730.875510964076966,429191.75473021750804 2930004.997110964264721,428879.702630217536353 2930224.509610965382308)",10,,   1427.83491410000,NH91
"LINESTRING (430834.265630216686986 2929005.297410968225449,430812.44463021622505 2928988.836710966657847,430760.416930215782486 2928916.917410969268531,430693.407730216509663 2928808.785310966428369,430608.764030215679668 2928461.958610964473337,430575.982530216104351 2928327.63671096554026)",20,,    738.58041663000,
"LINESTRING (427166.966330217546783 2930800.49371096258983,426819.410130216157995 2930910.135110964532942,426262.978030217229389 2931085.669310966040939,426062.542030216543935 2931148.899710967671126,425964.044930216274224 2931198.90331096900627,425823.898230215883814 2931296.581410966347903)",10,,   1439.36644876000,NH91
"LINESTRING (424373.167230216204189 2933328.897710969205946,424163.371830216026865 2933660.15361096477136,424088.626930216676556 2933790.107810966204852,423909.409030216163956 2934083.991310964804143,423874.202530216774903 2934141.723110964056104)",10,,    953.85779277600,NH91
"MULTILINESTRING ((434365.265930216177367 2925735.085810964461416,434360.99273021647241 2925734.124810967128724),(434365.265930216177367 2925735.085810964461416,434392.06353021634277 2925721.780510968994349,434447.995930216624402 2925656.128010969143361,434491.650530216633342 2925619.489410966169089,434553.234730217023753 2925554.787010963540524,434577.324130216962658 2925529.477810965385288),(433593.774130217148922 2926326.59731096541509,434133.74133021698799 2925914.283510965760797,434237.18713021685835 2925836.885410964023322,434268.17403021582868 2925807.06771096540615,434302.084330216399394 2925781.927310969214886,434365.265930216177367 2925735.085810964461416))",10,,   1274.25572571000,NH91
"LINESTRING (432449.754830216406845 2927149.076010968070477,433402.531930216006003 2926469.564810964744538,433593.774130217148922 2926326.59731096541509)",10,,   1409.03933637000,NH91
"LINESTRING (432449.754830216406845 2927149.076010968070477,432279.602830217569135 2927356.413510966580361,432011.158730216673575 2927649.017710966523737,431412.528230215772055 2928330.865810967516154,431279.908730215742253 2928481.921210964675993,431081.17223021609243 2928735.543710965197533,430963.904330215766095 2928868.750810965429991,430873.532930217101239 2928971.620410967152566,430834.265630216686986 2929005.297410968225449,430790.120530217303894 2929029.164110967423767,430680.41223021724727 2929056.607110965531319,430583.637730216956697 2929103.28651096438989,430338.872230217210017 2929274.170410964172333,430069.000130216940306 2929438.792310967575759)",10,,   3347.35504293000,NH91
"LINESTRING (428879.702630217536353 2930224.509610965382308,428738.950130216195248 2930290.073010965716094,428592.008430215879343 2930337.638010967057198,428252.905230216099881 2930447.405510963406414,427815.680530216894113 2930595.847710966598243,427403.734030218212865 2930725.802010964136571,427166.966330217546783 2930800.49371096258983)",10,,   1808.11268632000,NH91
"LINESTRING (433863.074430217384361 2927061.307110964786261,433795.137930218479596 2927076.644410969223827,433666.788030215888284 2927087.21441096952185,433639.533130217692815 2927089.458910965826362,433532.398230215883814 2927109.864310964476317,433410.088330217986368 2927118.924310966860503,433196.397630216903053 2927134.753310966771096,432840.818930217414163 2927141.574310965370387,432615.789530217996798 2927145.891010969411582,432449.754830216406845 2927149.076010968070477)",20,,   1418.53997835000,Railway Rd
"LINESTRING (425062.859030218212865 2932340.568310962524265,424966.667430216795765 2932460.967110964935273,424964.293355308298487 2932463.66541831754148,424961.216830215766095 2932467.162110965233296,424822.061430216184817 2932625.321010967250913,424758.995430216542445 2932704.949810966383666,424725.293530217721127 2932747.502710967790335,424581.3897302163532 2932997.468810967635363,424486.134030215791427 2933143.734110965859145,424373.167230216204189 2933328.897710969205946)",10,,   1208.76071591000,NH91
